Date,City,Country,Latitude,Longitude,MaxTemp,Humidity,Cloudiness,Wind Speed
1547960400,Pisco,PE,-13.71,-76.2,71.6,83,0,9.17
1547959800,Malm,NO,64.07,11.22,24.8,92,75,13.87
1547961300,Clifton Springs,US,42.96,-77.14,21.2,100,90,5.82
1547961763,Port Alfred,ZA,-33.59,26.89,61.77,100,44,5.39
1547960400,Ushuaia,AR,-54.81,-68.31,46.4,61,40,5.82
1547959800,Luleburgaz,TR,41.4,27.36,42.8,93,75,8.05
1547961776,Rikitea,PF,-23.12,-134.97,80.22,99,92,13.56
1547961777,Arraial do Cabo,BR,-22.97,-42.02,76.53,91,48,13.56
1547961779,Carnarvon,ZA,-30.97,22.13,56.1,42,0,9.42
1547960400,Townsville,AU,-19.26,146.82,87.8,45,0,20.8
1547961782,Sjenica,RS,43.27,20.0,24.6,92,68,2.26
1547961783,Vanimo,PG,-2.67,141.3,79.5,100,24,8.19
1547960100,Brownwood,US,31.71,-98.99,33.8,55,1,6.93
1547960400,Rio Cuarto,AR,-33.13,-64.35,62.6,82,0,10.29
1547960400,Hobart,AU,-42.88,147.33,80.6,28,0,11.41
1547961789,Kruisfontein,ZA,-34.0,24.73,64.38,78,0,5.17
1547960400,Victoria,BN,5.28,115.24,87.8,79,75,11.41
1547961792,Faanui,PF,-16.48,-151.75,83.82,100,88,11.99
1547960400,Inhambane,MZ,-23.87,35.38,75.2,100,75,20.8
1547960160,Kapaa,US,22.08,-159.32,73.94,78,75,14.99
1547960400,Punta Arenas,CL,-53.16,-70.91,48.2,92,20,19.46
1547960400,Touros,BR,-5.2,-35.46,78.8,83,40,3.36
1547961798,Butaritari,KI,3.07,172.79,82.92,100,88,14.9
1547960400,Bathsheba,BB,13.22,-59.52,77.0,73,40,12.75
1547961801,Xai-Xai,MZ,-25.04,33.64,77.52,93,24,37.16
1547961802,Busselton,AU,-33.64,115.35,84.63,62,0,6.06
1547960340,Albany,US,42.65,-73.75,24.08,75,90,4.7
1547961804,Socorro,PH,13.06,121.41,76.44,91,88,9.19
1547956800,Thompson,CA,55.74,-97.86,-32.81,66,5,2.24
1547961807,Sena Madureira,BR,-9.07,-68.66,73.92,98,56,2.04
1547961809,Port Lincoln,AU,-34.72,135.86,74.1,71,24,12.77
1547961811,Tuatapere,NZ,-46.13,167.69,54.12,100,56,25.41
1547961812,Bonthe,SL,7.53,-12.5,75.72,99,0,2.93
1547961813,Chuy,UY,-33.69,-53.46,62.31,93,0,9.53
1547961814,Isangel,VU,-19.55,169.27,78.87,100,92,20.49
1547961816,Barrow,AR,-38.31,-60.23,63.3,66,0,13.33
1547961817,Sitka,US,37.17,-99.65,13.71,71,0,3.04
1547960400,Dubai,AE,25.27,55.3,68.0,49,40,13.87
1547961819,Serenje,ZM,-13.23,30.22,65.01,100,92,6.96
1547960400,Tursunzoda,UZ,38.51,68.23,33.8,100,90,8.95
1547960400,Mahebourg,MU,-20.41,57.7,84.2,74,20,14.99
1547960160,Broome,GB,52.47,1.45,26.6,100,0,2.24
1547961420,New Waterford,US,40.85,-80.61,35.06,87,90,18.34
1547961827,Hithadhoo,MV,-0.6,73.08,79.41,100,88,7.74
1547961828,Chokurdakh,RU,70.62,147.9,-42.45,0,24,2.48
1547961829,Uttarkashi,IN,30.73,78.44,47.91,73,56,1.92
1547961545,Mar del Plata,AR,-46.43,-67.52,71.04,37,0,18.48
1547960400,Nikolskoye,RU,59.7,30.79,24.8,85,40,11.18
1547961833,Jamestown,AU,-33.21,138.6,77.34,82,0,5.39
1547961632,Hermanus,ZA,-34.42,19.24,56.28,74,24,3.83
1547959980,Scottsbluff,US,41.87,-103.67,39.02,69,1,8.05
1547961836,Sao Jose da Coroa Grande,BR,-8.9,-35.15,75.18,100,92,3.27
1547961838,Cherskiy,RU,68.75,161.3,-35.79,0,0,2.37
1547961839,La Rioja,AR,-29.41,-66.86,67.71,70,24,3.38
1547958600,Moncao,PT,42.08,-8.48,44.6,93,75,3.71
1547961841,Bluff,AU,-23.58,149.07,94.26,31,0,14.79
1547960400,Cape Town,ZA,-33.93,18.42,60.8,63,0,5.82
1547961844,Pevek,RU,69.7,170.27,-22.92,100,36,5.84
1547961846,Qaanaaq,GL,77.48,-69.36,-26.52,100,0,10.98
1547961847,Myra,NO,58.75,8.86,15.69,100,0,3.94
1547961848,Baoqing,CN,46.32,132.2,6.96,38,48,11.65
1547960400,East London,ZA,-33.02,27.91,62.6,63,75,4.7
1547960100,Ojinaga,US,29.56,-104.41,45.32,52,1,6.93
1547956800,Georgetown,GY,6.8,-58.16,75.2,94,20,4.7
1547961854,Narovchat,RU,53.88,43.7,17.31,83,48,11.32
1547960400,Ramshir,IR,30.89,49.41,41.0,93,0,2.24
1547961857,Gazojak,TM,41.19,61.4,30.27,92,88,13.33
1547961858,Ondjiva,AO,-17.07,15.73,66.81,100,88,1.14
1547960400,Yulara,AU,-25.24,130.99,105.8,11,68,14.99
1547961860,Uchiza,PE,-8.46,-76.46,66.36,96,20,1.92
1547961861,Lebu,ET,8.96,38.73,56.01,53,0,3.94
1547960400,Palmer,AU,-34.85,139.16,77.0,57,0,18.34
1547961300,Lompoc,US,34.64,-120.46,57.92,87,1,4.7
1547961865,Khatanga,RU,71.98,102.47,-12.21,77,64,6.96
1547956800,Praia da Vitoria,PT,38.73,-27.07,55.4,87,20,7.29
1547959320,Cabo San Lucas,MX,22.89,-109.91,66.2,55,5,9.17
1547961869,Kaduqli,SD,11.01,29.72,66.36,47,0,9.64
1547960400,Port Macquarie,AU,-31.43,152.91,80.6,69,90,10.29
1547961871,Kieta,PG,-6.22,155.63,81.84,95,80,11.32
1547961872,Pimentel,BR,-3.7,-45.5,73.38,98,80,1.92
1547961873,Luau,CD,-10.7,22.23,67.26,94,88,3.15
1547960400,Fortuna,ES,38.18,-1.13,50.0,93,75,1.12
1547960400,Bredasdorp,ZA,-34.53,20.04,60.8,63,24,5.82
1547961877,Vikulovo,RU,55.07,40.96,19.2,81,76,11.32
1547956800,Tuktoyaktuk,CA,69.44,-133.03,-5.81,76,75,8.05
1547959620,Yellowknife,CA,62.45,-114.38,-4.01,70,90,13.87
1547958600,Souillac,FR,45.6,-0.6,42.8,93,68,2.24
1547961883,Saskylakh,RU,71.97,114.09,-20.76,89,76,10.54
1547961884,Ous,RU,60.91,61.52,15.33,79,12,5.06
1547961180,Sayville,US,40.74,-73.08,35.96,100,90,11.41
1547958600,La Ciotat,FR,43.17,5.6,44.6,75,90,11.41
1547961889,Taoudenni,ML,22.68,-3.98,34.59,47,0,2.93
1547960520,Tuscaloosa,US,33.21,-87.57,39.02,64,90,16.11
1547960460,Bethel,US,60.79,-161.76,12.92,83,90,6.93
1547961895,Biak,ID,-0.91,122.88,85.44,83,20,2.59
1547961896,Sirjan,IR,29.44,55.67,31.35,53,0,4.38
1547959800,Ilulissat,GL,69.22,-51.1,1.4,70,88,10.29
1547961898,Coahuayana,MX,18.62,-100.35,59.97,75,48,2.04
1547959800,Salalah,OM,17.01,54.1,75.2,41,0,18.34
1547960400,San Matias,HN,13.97,-86.63,57.2,87,20,1.92
1547961902,Ballina,IE,54.11,-9.15,43.77,99,56,18.81
1547960400,Vaini,IN,15.34,74.49,77.0,41,0,9.17
1547961904,Talnakh,RU,69.49,88.39,0.66,71,64,12.1
1547960400,Noumea,NC,-22.28,166.46,87.8,48,0,24.16
1547961908,Bulgan,MN,48.81,103.53,28.83,24,0,11.32
1547961909,Guanay,BO,-15.5,-67.88,63.84,92,76,1.92
1547961910,Deputatskiy,RU,69.3,139.9,-62.25,0,0,2.59
1547960160,Ketchikan,US,55.34,-131.65,42.08,95,90,4.7
1547961912,Airai,TL,-8.93,125.41,76.71,86,88,2.26
1547956800,Torbay,CA,47.66,-52.73,14.0,72,20,14.99
1547956800,Wajir,KE,1.75,40.07,73.4,78,5,8.05
1547961919,Saint-Georges,CA,46.12,-70.67,0.48,62,76,5.28
1547959260,Teya,MX,21.05,-89.07,75.2,83,75,4.7
1547961922,Naze,NG,5.43,7.07,74.01,93,0,5.73
1547960160,Umm Bab,QA,25.21,50.81,55.04,66,1,11.41
1547961924,Corrales,CO,5.83,-72.84,48.63,94,88,0.25
1547961926,Savelugu,GH,9.63,-0.83,70.05,95,24,2.93
1547960400,Hohhot,CN,40.81,111.65,23.0,35,0,8.95
1547961928,Puerto Ayora,EC,-0.74,-90.35,76.8,100,92,7.85
1547960400,Vila do Maio,CV,15.13,-23.22,68.0,68,40,18.34
1547961933,Mataura,NZ,-46.19,168.86,54.21,96,100,24.07
1547961934,Haines Junction,CA,60.75,-137.51,-13.02,71,36,2.26
1547960400,Los Llanos de Aridane,ES,28.66,-17.92,62.6,67,90,10.29
1547960400,Esperance,TT,10.24,-61.45,71.6,94,20,5.17
1547959800,Vila,IT,45.18,8.4,32.0,100,0,4.7
1547961939,Paamiut,GL,61.99,-49.67,26.4,100,8,16.58
1547961940,Ribeira Grande,PT,38.52,-28.7,62.67,97,64,7.52
1547961941,Mabama,SL,8.94,-11.9,62.94,78,0,2.93
1547961942,Necochea,AR,-38.55,-58.74,59.61,79,0,13.67
1547961944,Constitucion,MX,23.99,-104.67,32.7,73,0,2.82
1547960400,Fukue,JP,35.03,136.69,44.6,93,75,4.7
1547959980,Hilo,US,19.71,-155.08,71.06,84,1,18.25
1547960400,Papara,BR,-3.98,-38.73,77.0,94,20,3.36
1547961950,Abu Kamal,SY,34.45,40.92,34.5,66,0,8.3
1547960400,Mareeba,AU,-16.99,145.42,86.0,62,40,17.22
1547960400,Dublin,IE,53.35,-6.26,41.0,93,75,5.82
1547961954,Hinton,CA,53.4,-117.57,27.39,58,0,7.29
1547960400,Abha,SA,18.22,42.5,57.2,81,0,4.7
1547961957,Quelimane,MZ,-17.88,36.89,75.54,100,92,10.54
1547961958,Tambacounda,SN,13.77,-13.67,61.41,28,0,10.98
1547959800,Nuuk,GL,64.17,-51.74,17.6,72,80,4.7
1547961961,Ahipara,NZ,-35.17,173.16,71.4,81,0,6.51
1547961910,Yenagoa,NG,4.92,6.26,74.19,94,0,5.28
1547961963,Rundu,NA,-17.91,19.77,68.43,90,32,6.96
1547960400,Cayenne,GF,4.94,-52.33,78.8,83,75,11.41
1547960400,New Norfolk,AU,-42.78,147.06,80.6,28,0,11.41
1547961968,Alta Floresta,BR,-9.87,-56.08,75.18,90,36,2.82
1547960400,Tipitapa,NI,12.2,-86.1,78.8,69,40,6.93
1547960100,Kodiak,US,39.95,-94.76,8.96,76,1,4.7
1547961971,Vostok,RU,46.45,135.83,0.66,58,44,4.16
1547961973,Atuona,PF,-9.8,-139.03,80.58,100,80,15.23
1547960400,Buin,CL,-33.73,-70.74,60.8,72,0,6.93
1547961976,Mingyue,CN,43.11,128.91,9.21,40,36,10.98
1547959800,Longyearbyen,NO,78.22,15.63,-2.21,64,20,5.82
1547960400,Fomeque,CO,4.49,-73.9,53.6,81,75,4.7
1547961980,Kavieng,PG,-2.57,150.8,79.23,100,88,9.42
1547960400,Namie,JP,37.52,140.86,48.2,45,20,2.24
1547961984,Gubkinskiy,RU,64.43,76.5,-2.04,71,0,2.93
1547961985,Jiwani,PK,25.05,61.74,71.76,70,0,8.75
1547961986,Atambua,ID,-9.11,124.89,80.31,100,68,8.08
1547961987,Zabaykalsk,CN,49.64,117.33,17.76,49,8,12.66
1547960400,Udon Thani,TH,17.4,102.79,86.0,45,0,5.82
1547959800,Tasiilaq,GL,65.61,-37.64,23.0,73,20,5.82
1547961991,Komsomolskiy,RU,67.55,63.78,11.91,92,80,10.65
1547961993,Cidreira,BR,-30.17,-50.22,69.78,95,76,10.2
1547961996,Baruun-Urt,MN,46.68,113.28,20.55,38,0,15.57
1547961998,Verkhnyaya Inta,RU,65.99,60.32,-0.42,65,0,2.82
1547960400,La Ronge,CA,55.1,-105.3,-29.21,73,20,5.82
1547960400,Oranjestad,AW,12.52,-70.03,78.8,78,20,21.92
1547960400,Ancud,CL,-41.87,-73.83,51.8,100,92,3.36
1547960100,Hamilton,BM,32.3,-64.78,66.2,68,40,6.93
1547960400,Aguimes,ES,27.91,-15.45,62.6,67,75,14.99
1547962008,Chivay,PE,-15.64,-71.6,35.76,100,92,2.37
1547960400,Namtsy,RU,62.72,129.66,-41.81,57,36,4.47
1547960160,Ashland,US,38.48,-82.64,41.0,96,90,6.93
1547962013,Whitianga,NZ,-36.83,175.7,73.83,89,0,15.23
1547962014,Jiuquan,CN,39.73,98.49,16.23,81,8,2.59
1547961827,Jalu,LY,29.03,21.55,46.83,42,76,2.15
1547962017,Kalmunai,LK,7.42,81.82,81.21,77,56,12.55
1547961300,Nome,US,30.04,-94.42,39.02,64,1,16.11
1547960400,Margate,AU,-43.03,147.26,80.6,28,0,11.41
1547961000,Alice Springs,AU,-23.7,133.88,107.6,9,8,18.34
1547962021,Ibra,OM,22.69,58.55,64.2,77,0,3.27
1547962024,Bandarbeyla,SO,9.49,50.81,75.54,100,92,16.13
1547960400,Kondopoga,RU,62.21,34.27,3.2,84,75,4.47
1547962026,Ekibastuz,KZ,51.72,75.32,30.9,94,20,5.61
1547962029,Hukuntsi,BW,-23.98,21.76,69.42,13,0,9.08
1547962030,Swan River,CA,52.11,-101.27,-30.75,0,36,2.48
1547962031,Kirovskiy,RU,45.09,133.51,5.61,49,48,8.97
1547960400,Bambous Virieux,MU,-20.34,57.76,84.2,74,20,14.99
1547962035,Pierre,US,44.37,-100.35,2.64,82,92,14.23
1547962036,Meghraj,IN,23.5,73.5,80.22,43,0,6.73
1547962037,Bubaque,GW,11.28,-15.83,73.56,100,8,18.81
1547962039,Port Blair,IN,11.67,92.75,82.83,99,44,15.46
1547960400,Clyde River,CA,70.47,-68.59,-22.01,74,90,11.65
1547962042,Port Victoria,AU,-34.5,137.49,79.23,55,20,10.42
1547962043,Mogzon,RU,51.74,111.97,21.81,43,36,13.67
1547962046,Qandala,SO,11.47,49.87,69.06,91,12,1.14
1547960400,Flinders,AU,-34.58,150.85,77.0,65,75,11.41
1547960400,Mount Gambier,AU,-37.83,140.78,77.0,53,0,16.11
1547962049,Atbasar,KZ,51.81,68.36,28.56,96,88,8.97
1547962052,Cochrane,CL,-47.25,-72.57,45.57,78,8,2.15
1547960400,Kenora,CA,49.76,-94.48,-20.21,68,5,6.93
1547962054,Kisiwani,TZ,-4.13,37.95,74.1,76,20,3.6
1547962055,Tilichiki,RU,60.47,166.1,27.21,86,92,11.32
1547960400,Port Hardy,CA,50.7,-127.42,35.6,100,40,2.24
1547959980,Lander,US,42.83,-108.73,24.98,71,1,3.36
1547962061,Magdalena,BO,-13.26,-64.05,74.64,86,88,7.52
1547960400,Bintulu,MY,3.17,113.03,82.4,78,75,2.24
1547960400,Lasa,CY,34.92,32.53,51.8,76,40,10.29
1547962049,San Andres,PH,13.32,122.68,77.34,100,92,24.07
1547961360,Wilmington,US,39.75,-75.55,44.42,100,90,10.29
1547958600,Lagoa,PT,37.14,-8.45,55.4,87,40,13.87
1547962069,Carinhanha,BR,-14.3,-43.77,73.2,72,0,11.32
1547962070,Batagay-Alyta,RU,67.8,130.41,-41.19,0,56,2.71
1547960400,Colares,PT,38.8,-9.45,53.6,76,75,8.05
1547962073,Saldanha,PT,41.42,-6.55,32.97,93,0,5.95
1547960400,Natal,BR,-5.81,-35.21,80.6,78,40,6.93
1547960160,Kenai,US,60.55,-151.26,1.94,87,1,3.36
1547960400,General Roca,AR,-39.03,-67.58,78.8,47,0,16.11
1547962079,Ostrovnoy,RU,68.05,39.51,-12.57,77,8,2.71
1547962080,Ponta do Sol,BR,-20.63,-46.0,65.1,94,32,3.94
1547962081,Husavik,CA,50.56,-96.99,-39.66,0,0,3.27
1547961000,Carballo,ES,43.21,-8.69,50.0,87,40,9.17
1547962084,Westport,IE,53.8,-9.52,43.86,99,68,17.92
1547960400,Maldonado,UY,-34.91,-54.96,62.6,77,20,3.36
1547962087,Arlit,NE,18.74,7.39,60.96,43,24,5.61
1547962088,Mukhen,RU,48.19,136.14,8.67,63,56,4.16
1547962090,Juru,BR,-7.54,-37.82,66.18,97,36,3.94
1547960400,Behbahan,IR,30.59,50.24,39.2,93,0,2.24
1547962092,Ulety,RU,51.36,112.48,21.81,43,36,13.67
1547960400,Brokopondo,SR,5.06,-54.98,75.2,94,0,3.36
1547962094,Sibolga,ID,1.74,98.78,76.08,90,88,2.71
1547960400,Campbell River,CA,50.02,-125.24,37.4,85,20,3.36
1547962097,Camopi,GF,3.17,-52.33,72.12,100,80,2.04
1547962098,Dikson,RU,73.51,80.55,6.6,100,76,5.95
1547962102,Kendari,ID,-3.99,122.52,86.34,74,36,7.85
1547962104,Vuktyl,RU,63.86,57.31,17.13,77,68,6.73
1547962105,Kaitangata,NZ,-46.28,169.85,56.55,85,64,25.64
1547960400,Hasaki,JP,35.73,140.83,53.6,54,40,9.17
1547962108,Provideniya,RU,64.42,-173.23,13.35,100,80,7.18
1547962110,Bilma,NE,18.69,12.92,45.12,53,8,2.82
1547960400,Castro,CL,-42.48,-73.76,51.8,100,0,3.36
1547962068,Vestmannaeyjar,IS,63.44,-20.27,36.03,100,48,22.17
1547962040,Vao,EE,59.1,26.19,23.25,83,80,17.25
1547962099,Dingle,PH,11.0,122.67,75.18,98,92,11.32
1547962115,Sungairaya,ID,0.7,108.9,81.48,94,92,3.71
1547962116,Teguldet,RU,57.31,88.17,20.64,76,44,8.63
1547960400,Ulladulla,AU,-35.36,150.48,77.0,65,75,11.41
1547962120,Miquelon,PM,47.1,-56.38,18.03,100,44,12.77
1547962121,Evensk,RU,61.92,159.24,17.31,100,64,19.48
1547960400,Codrington,AU,-28.95,153.24,93.2,55,75,10.29
1547960100,Plateros,MX,23.23,-102.84,42.8,60,40,5.82
1547962115,Cockburn Town,TC,21.46,-71.14,78.24,100,0,19.82
1547962126,Tupancireta,BR,-29.08,-53.84,65.19,93,32,13.56
1547956800,Nouadhibou,MR,20.93,-17.03,59.0,72,0,11.41
1547962128,Dunda,IN,30.62,78.32,47.91,73,56,1.92
1547960400,El Alto,BO,-16.5,-68.19,44.6,87,75,2.24
1547960400,Saint-Pierre,FR,48.95,4.24,35.6,81,90,5.82
1547961360,Bay City,US,43.59,-83.89,10.76,77,1,14.99
1547960400,Walvis Bay,NA,-22.95,14.51,60.8,82,75,9.17
1547962040,Upernavik,GL,72.79,-56.15,-8.52,100,56,9.64
1547960400,Serchhip,IN,23.31,92.85,71.6,46,0,1.59
1547962139,Wanaka,NZ,-44.7,169.14,54.57,66,56,10.65
1547962140,Gao,ML,16.28,-0.04,52.14,46,0,10.31
1547962141,Lorengau,PG,-2.02,147.27,80.04,100,92,9.98
1547962142,Namibe,AO,-15.19,12.15,74.73,100,80,3.49
1547962143,Bedesa,ET,8.9,40.78,65.19,39,0,3.38
1547962145,Kikwit,CD,-5.04,18.82,74.28,88,8,3.6
1547960400,Byron Bay,AU,-28.65,153.62,93.2,69,64,6.93
1547962147,Lagunas,PE,-5.23,-75.68,71.94,95,0,3.49
1547960400,Adrar,DZ,27.87,-0.29,41.0,35,0,8.05
1547962149,Ponta Pora,BR,-22.54,-55.73,71.04,91,80,3.6
1547959980,Havre,US,48.55,-109.68,23.0,80,1,13.87
1547962152,Opuwo,NA,-18.06,13.84,66.63,54,48,3.83
1547960400,Shellbrook,CA,53.22,-106.39,-14.81,75,90,11.41
1547962156,Shubarkuduk,KZ,49.15,56.49,16.86,89,92,4.72
1547962157,Sinnamary,GF,5.38,-52.96,78.78,96,100,12.77
1547962159,Benguela,AO,-12.58,13.4,75.63,100,32,3.38
1547960400,Port Hedland,AU,-20.31,118.58,96.8,56,0,17.22
1547959800,Sola,FI,62.78,29.36,-9.41,83,75,2.24
1547962163,Biltine,TD,14.53,20.93,55.47,49,0,4.61
1547962164,Lavrentiya,RU,65.58,-170.99,0.3,97,56,9.75
1547962088,Santa Maria,BR,-29.69,-53.81,64.38,97,88,10.54
1547962167,Linhares,BR,-19.38,-40.06,74.01,89,12,7.18
1547962168,Polna,PL,49.67,21.0,12.36,71,64,2.93
1547962094,Nanortalik,GL,60.14,-45.24,24.06,100,44,21.72
1547962170,Ayorou,NE,14.73,0.92,57.54,26,0,10.09
1547961915,Lata,IN,30.78,78.62,47.91,73,56,1.92
1547960400,Hamada,JP,34.9,132.08,51.8,50,40,18.34
1547960400,Zanjan,IR,36.67,48.48,5.0,65,0,4.7
1547962176,Conde,BR,-11.81,-37.61,76.53,96,20,5.73
1547961995,Namatanai,PG,-3.66,152.44,81.03,100,88,12.33
1547962178,Zyryanka,RU,65.73,150.89,-40.92,0,32,2.37
1547960400,Trat,TH,12.25,102.51,87.8,70,20,5.82
1547962050,Maniitsoq,GL,65.42,-52.9,16.14,100,76,7.18
1547960400,Anadyr,RU,64.73,177.51,-9.41,76,40,13.42
1547962061,Klyuchi,RU,52.25,79.17,27.3,94,88,9.98
1547959980,Homer,US,59.64,-151.54,21.02,76,1,15.12
1547960400,Lima,PE,-12.06,-77.04,69.8,88,40,6.93
1547960160,Morgan City,US,29.7,-91.21,41.0,70,90,18.34
1547962069,Te Anau,NZ,-45.41,167.72,51.15,95,92,13.33
1547959800,Sandnessjoen,NO,66.02,12.63,28.4,92,88,5.82
1547960400,Niamey,NE,13.52,2.11,66.2,14,0,6.93
1547962192,Puteyets,RU,65.17,57.09,-5.19,68,32,2.71
1547957400,Hambantota,LK,6.12,81.12,82.4,69,75,6.93
1547960400,Norman Wells,CA,65.28,-126.83,-20.21,75,40,3.36
1547962196,Merauke,ID,-8.49,140.4,83.73,92,48,6.4
1547962199,Hofn,IS,64.25,-15.21,35.4,100,0,16.13
1547960400,Coihaique,CL,-45.58,-72.07,57.2,67,0,2.24
1547962202,Sobolevo,RU,54.43,31.9,20.1,86,24,18.59
1547962204,Koslan,RU,63.46,48.9,8.67,85,32,2.93
1547962206,Laguna,MX,27.52,-110.01,55.92,76,0,2.04
1547960400,Katsuura,JP,33.93,134.5,55.4,81,75,16.11
1547960160,Winnemucca,US,40.97,-117.74,44.06,72,1,6.93
1547960400,Otse,BW,-25.03,25.75,71.6,78,75,10.29
1547961360,Port Elizabeth,US,39.31,-74.98,46.4,92,90,9.17
1547960220,Makakilo City,US,21.35,-158.09,75.92,68,1,5.82
1547960400,Abashiri,JP,44.01,144.25,23.0,62,75,5.82
1547962216,Barreirinhas,BR,-2.75,-42.83,73.11,98,44,3.15
1547962217,Xingtai,CN,37.07,114.49,40.71,25,0,4.27
1547959800,Ikskile,LV,56.83,24.5,30.2,86,0,8.05
1547960400,Murgab,TM,37.5,61.97,35.6,74,90,13.87
1547962220,Am Timan,TD,11.04,20.28,61.23,41,0,8.52
1547960400,Balikpapan,ID,-1.24,116.86,84.2,83,20,3.36
1547959800,Klaksvik,FO,62.23,-6.59,39.2,86,20,13.87
1547961300,Lewistown,US,40.39,-90.15,15.08,77,90,12.75
1547962226,Eyl,SO,7.98,49.82,76.08,92,44,16.35
1547962227,Soyo,AO,-6.13,12.37,76.44,95,24,2.26
1547960400,Aruppukkottai,IN,9.51,78.1,80.6,54,75,4.7
1547962229,Baykit,RU,61.68,96.39,11.82,71,56,7.18
1547962231,Lodja,CD,-3.52,23.6,73.92,92,12,3.15
1547959800,Havoysund,NO,71.0,24.66,23.0,67,80,19.46
1547962233,Zhigansk,RU,66.77,123.37,-23.19,34,76,9.98
1547962234,Diffa,NE,13.32,12.61,53.76,42,0,4.61
1547962236,Rio Grande,BR,-32.03,-52.1,70.14,95,88,15.01
1547962237,Aykhal,RU,65.95,111.51,-10.5,66,68,3.6
1547960400,Ahvaz,IR,31.32,48.68,46.4,75,0,2.24
1547962239,Payakumbuh,ID,-0.23,100.63,78.24,91,36,4.05
1547959800,Roros,NO,62.57,11.38,19.4,85,80,6.93
1547961000,Sandpoint,US,48.28,-116.55,35.6,88,75,3.36
1547960400,Avarua,CK,-21.21,-159.78,82.4,78,75,3.36
1547960400,Shingu,JP,33.72,135.99,55.4,66,75,14.99
1547961300,Saint-Philippe,CA,45.36,-73.48,-5.81,70,90,21.92
1547962247,Owase,JP,34.07,136.2,50.52,75,12,10.98
1547960100,Avera,US,33.19,-82.53,59.0,95,90,5.82
1547962249,Tura,IN,25.52,90.21,71.04,69,0,3.38
1547962250,Muli,IN,22.62,71.45,82.11,33,0,4.38
1547962050,Luderitz,NA,-26.65,15.16,64.29,55,0,9.98
1547962253,Tianpeng,CN,28.88,112.34,41.79,100,92,13.67
1547960160,Kahului,US,20.89,-156.47,73.94,76,1,9.17
1547960100,Karachi,PK,24.87,67.03,68.0,42,0,6.17
1547960160,Twentynine Palms,US,34.14,-116.05,60.08,71,40,0.69
1547962257,Dukat,RS,42.44,22.31,29.1,91,8,2.93
1547960400,Saint-Denis,FR,48.94,2.36,35.6,93,90,6.93
1547962261,Uromi,NG,6.71,6.33,75.0,94,0,6.73
1547962262,Tevriz,RU,57.51,72.4,11.37,83,80,4.61
1547962264,Meadow Lake,CA,54.13,-108.44,-4.38,63,80,7.63
1547962265,Amahai,ID,-3.31,129.0,82.92,100,76,9.86
1547962266,Tsumeb,NA,-19.25,17.72,65.82,91,64,4.72
1547962268,San Patricio,PY,-26.98,-56.83,67.71,89,12,4.16
1547962269,Bakchar,RU,57.02,82.07,12.54,79,36,5.73
1547962206,Kempsey,AU,-31.08,152.84,77.52,94,92,5.06
1547960400,The Pas,CA,53.82,-101.24,-34.61,73,1,3.36
1547960400,La Baule-Escoublac,FR,47.28,-2.4,41.0,93,90,4.7
1547962274,Sambava,MG,-14.27,50.17,76.08,100,92,14.45
1547962275,Killybegs,IE,54.63,-8.45,44.58,100,92,19.71
1547962277,Lisala,CD,2.15,21.52,74.28,80,92,5.5
1547960400,Guajara,BR,-0.88,-48.16,75.2,94,75,2.24
1547961360,Shelburne,CA,44.08,-80.2,3.2,70,90,8.05
1547962280,Wete,TZ,-5.06,39.73,81.39,100,32,11.32
1547962281,Phalombe,MW,-15.81,35.65,74.91,80,76,6.85
1547962282,Mbanza-Ngungu,CD,-5.25,14.87,71.49,94,56,3.27
1547962284,Gusau,NG,12.17,6.66,60.6,56,24,4.05
1547960400,Teahupoo,PF,-17.83,-149.27,84.2,66,40,5.82
1547962146,Marawi,PH,8.0,124.29,68.97,100,92,3.15
1547960400,Nefteyugansk,RU,61.09,72.61,19.4,100,90,4.47
1547962288,Felipe Carrillo Puerto,MX,19.58,-88.05,73.02,83,76,2.15
1547961300,Saint Pete Beach,US,27.73,-82.74,69.98,100,90,10.29
1547962291,Tomatlan,MX,19.93,-105.25,65.19,81,8,2.71
1547962292,Koindu,LR,8.2,-10.37,65.91,90,0,2.71
1547962294,Bambanglipuro,ID,-7.95,110.28,83.64,74,24,7.63
1547961000,Bereda,ES,43.27,-7.54,50.0,87,40,9.17
1547960400,Tautira,PF,-17.73,-149.15,84.2,66,40,5.82
1547960640,Saint Anthony,US,43.97,-111.68,33.08,91,90,4.7
1547962300,Dicabisagan,PH,17.08,122.42,73.83,100,92,11.1
1547960220,Calvinia,ZA,-31.47,19.78,62.6,39,0,16.11
1547962302,Bilibino,RU,68.06,166.44,-39.84,0,12,2.59
1547962303,Meulaboh,ID,4.14,96.13,79.5,100,76,5.84
1547962306,Guerrero Negro,MX,27.97,-114.04,52.41,65,0,5.95
1547962308,Diego de Almagro,CL,-26.39,-70.05,59.7,85,0,2.15
1547962309,Gazli,UZ,40.13,63.45,33.6,72,76,10.76
1547960400,Esmeraldas,BR,-19.76,-44.31,73.4,68,0,4.7
1547960400,Vila Velha,BR,-3.71,-38.6,77.0,94,20,3.36
1547960400,Geraldton,CA,49.72,-86.95,-34.61,65,5,5.82
1547962314,Ilebo,CD,-4.33,20.59,75.0,91,64,2.71
1547962315,Hualmay,PE,-11.1,-77.61,64.2,95,8,2.93
1547962126,Jambi,ID,-1.6,103.62,93.81,52,20,8.63
1547962317,Iaciara,BR,-14.1,-46.63,74.1,74,64,3.15
1547960100,Melfi,IT,41.0,15.66,33.8,80,90,13.87
1547962321,San Rafael,AR,-34.61,-68.33,66.36,54,0,8.41
1547962322,Panguna,PG,-6.32,155.48,81.93,85,44,4.16
1547962323,Turukhansk,RU,65.8,87.96,5.25,83,64,10.76
1547961600,Rheine,DE,52.28,7.44,19.4,92,0,1.12
1547960400,Balassagyarmat,HU,48.08,19.29,26.6,73,90,3.36
1547960400,Grand Gaube,MU,-20.01,57.66,84.2,74,20,14.99
1547962328,Waddan,LY,29.16,16.14,51.15,95,100,3.6
1547960400,Magadi,IN,12.96,77.22,73.4,33,20,9.17
1547962331,Ayutla,MX,20.13,-104.35,48.63,75,0,2.48
1547962333,Owando,CG,-0.49,15.91,73.11,90,36,3.38
1547959800,Winchester,GB,51.06,-1.31,33.8,100,90,3.36
1547961600,Epe,DE,52.18,7.04,19.4,92,0,1.12
1547962337,Chumikan,RU,54.72,135.31,-3.66,51,0,5.39
1547960160,Morro Bay,US,35.37,-120.85,57.92,69,1,4.7
1547962339,Pangnirtung,CA,66.15,-65.72,-32.46,55,12,3.38
1547962340,Calabozo,VE,8.92,-67.43,76.71,60,12,13.44
1547960400,Alofi,NU,-19.06,-169.92,82.4,88,88,5.82
1547962343,Diapaga,BF,12.07,1.79,67.17,27,0,11.54
1547962344,Sabang,PH,13.72,123.58,74.91,100,92,17.92
1547962346,Beloha,MG,-25.17,45.06,87.24,61,36,3.71
1547960400,Karaton,ID,-6.34,106.1,86.0,70,40,6.93
1547962348,Orcopampa,PE,-15.27,-72.34,35.31,100,80,1.36
1547960100,Harper,US,30.3,-99.24,36.5,62,1,5.82
1547960400,Coquimbo,CL,-29.95,-71.34,59.0,87,0,3.36
1547960400,Kardamas,CY,34.93,32.94,51.8,76,40,10.29
1547962354,Sadiqabad,PK,28.31,70.13,60.87,88,24,8.97
1547962101,Severo-Kurilsk,RU,50.68,156.12,33.24,95,88,12.21
1547960400,Semikarakorsk,RU,47.52,40.81,17.6,85,0,4.47
1547961600,Gizo,IL,31.8,34.94,46.4,87,0,3.36
1547960400,Sept-Iles,CA,50.2,-66.38,-32.81,59,5,5.82
1547962360,Moron,VE,10.49,-68.2,67.44,94,88,2.93
1547962363,Beringovskiy,RU,63.05,179.32,2.55,100,80,5.84
1547962364,Lircay,PE,-12.99,-74.72,22.71,81,0,2.15
1547960400,Liling,CN,27.65,113.49,44.6,87,90,11.18
1547960400,Javanrud,IR,34.8,46.49,19.4,92,0,3.04
1547960400,Cascais,PT,38.7,-9.42,53.6,76,75,8.05
1547962369,Abaza,RU,52.65,90.1,14.61,57,76,3.15
1547962370,Xuanzhou,CN,30.95,118.78,47.01,73,56,9.42
1547962371,Baiao,BR,-2.79,-49.67,74.73,98,92,2.48
1547960400,Alyangula,AU,-13.85,136.42,86.0,79,40,11.41
1547962373,Yichang,CN,30.77,111.32,45.66,85,68,6.73
1547960580,Iqaluit,CA,63.75,-68.52,-25.61,74,5,5.73
1547960100,Salinas,US,36.67,-121.66,55.4,89,1,4.7
1547962377,New Plymouth,NZ,-39.06,174.08,65.73,86,20,16.8
1547960400,Persianovskiy,RU,47.51,40.11,17.6,85,0,4.47
1547962380,Pangkalanbuun,ID,-2.68,111.62,82.2,92,76,4.16
1547962381,Hobyo,SO,5.35,48.53,78.24,78,36,17.25
1547962382,Caravelas,BR,-17.73,-39.27,80.76,100,88,16.02
1547962383,Bam,IR,29.11,58.36,39.81,41,0,2.93
1547961300,Parkersburg,US,39.27,-81.55,41.0,92,90,8.05
1547962387,Debre Birhan,ET,9.68,39.53,56.91,59,0,0.36
1547962388,Tiznit,MA,29.7,-9.73,48.18,99,8,1.59
1547960400,Riyadh,SA,24.63,46.72,46.4,49,0,3.27
1547962392,Tagusao,PH,9.19,117.81,83.1,76,80,8.86
1547960400,Poum,MK,41.28,20.71,35.6,99,90,2.24
1547962394,Hwange,ZW,-18.35,26.5,69.33,95,88,9.75
1547962395,Beni Mazar,EG,28.5,30.8,42.96,92,44,3.94
1547960400,Luancheng,CN,37.88,114.65,42.8,9,0,6.71
1547960400,Launceston,AU,-41.43,147.14,86.0,30,20,9.17
1547962399,Tual,ID,-5.67,132.75,79.59,100,88,17.25
1547962401,Zelenoborsk,RU,61.47,64.05,15.96,83,24,5.17
1547962403,Shimsk,RU,58.21,30.71,26.4,76,80,12.66
1547962404,Tiksi,RU,71.64,128.87,-43.8,0,36,2.71
1547960400,Villarrica,CL,-39.28,-72.23,53.6,93,90,6.93
1547962406,Kenmare,IE,51.88,-9.58,45.3,100,56,17.81
1547962186,Berlevag,NO,70.86,29.09,22.08,100,88,8.3
1547956800,Santa Marta,CO,11.24,-74.21,82.4,61,20,11.41
1547962410,Umm Kaddadah,SD,13.6,26.69,53.49,40,0,10.65
1547960400,Chernyy Yar,RU,64.44,40.96,-4.01,83,90,8.95
1547962412,Cape Coast,GH,5.11,-1.24,71.76,93,8,3.94
1547962414,Jardim,BR,-21.48,-56.15,71.49,84,8,7.18
1547962415,Sorong,ID,-0.86,131.25,84.9,99,12,10.76
1547960400,Neiafu,TO,-18.65,-173.98,78.8,94,75,10.29
1547960400,Kholmogory,RU,64.23,41.65,-4.01,83,90,8.95
1547962419,Buchanan,LR,5.88,-10.05,78.06,100,88,2.37
1547960400,Tubuala,PA,9.52,-79.03,77.0,83,20,5.82
1547960400,Melioratorov,RU,57.21,65.61,17.6,85,90,8.95
1547960400,Kingaroy,AU,-26.54,151.84,95.0,28,0,10.29
1547960400,Nelson Bay,AU,-32.72,152.14,80.6,69,40,13.87
1547960400,Saint-Augustin,FR,44.83,-0.61,41.0,100,44,3.15
1547962426,Richards Bay,ZA,-28.77,32.06,67.08,94,92,11.99
1547962428,Henties Bay,NA,-22.12,14.28,63.21,100,0,7.63
1547962430,Bani Walid,LY,31.76,14.0,30.63,66,0,4.61
1547962431,Shaoyang,CN,27.23,111.45,40.26,100,92,11.43
1547961300,Valparaiso,US,41.47,-87.06,25.52,67,90,9.17
1547960400,Porto Novo,BR,-23.68,-45.44,75.2,78,40,9.17
1547960400,Orange Walk,JM,17.93,-76.27,78.8,65,40,11.41
1547962436,Goderich,CA,43.74,-81.71,7.23,98,64,17.47
1547962437,Labuhan,ID,-2.54,115.51,83.82,79,68,3.04
1547962438,Santo Antonio do Ica,BR,-3.1,-67.94,73.2,100,80,2.93
1547960400,Shimoda,JP,34.7,138.93,60.8,63,40,17.22
1547962442,Garowe,SO,8.41,48.48,66.63,80,88,7.52
1547962443,Sinegorye,RU,62.09,150.53,-25.89,35,76,1.36
1547960400,Veraval,FR,49.65,0.71,35.6,100,90,3.36
1547962446,Waipawa,NZ,-39.94,176.59,67.71,48,0,20.15
1547962447,Daru,SL,7.99,-10.85,71.04,91,0,1.14
1547960400,Upington,ZA,-28.46,21.24,69.8,14,0,1.12
1547962449,Kesinga,IN,20.19,83.22,77.61,55,0,4.38
1547960820,Fairbanks,US,64.84,-147.72,-1.48,83,90,3.04
1547962452,Buala,SB,-8.15,159.59,84.54,88,76,0.92
1547960400,Zabol,IR,31.03,61.49,48.2,34,0,6.93
1547962454,Kaka,TM,37.35,59.62,31.26,86,88,1.81
1547962455,Cervo,BR,-22.19,-46.24,62.22,98,32,2.82
1547962456,Nautla,MX,20.22,-96.78,71.76,100,12,26.53
1547961300,Matamoros,US,25.87,-97.51,57.02,41,1,8.05
1547960820,College,US,64.86,-147.8,-0.05,83,90,3.04
1547960400,Tamworth,AU,-31.09,150.93,100.4,17,64,5.82
1547961300,Santa Cruz,US,36.97,-122.03,59.0,93,1,1.03
1547962464,Belomorsk,RU,64.52,34.76,14.52,89,76,2.82
1547962465,Mahibadhoo,MV,3.78,72.97,80.67,100,12,11.43
1547960400,Aklavik,CA,68.22,-135.01,-5.81,76,90,2.24
1547960400,Leninsk,RU,48.69,45.2,19.4,85,0,8.95
1547962192,Phan Thiet,VN,10.93,108.1,82.47,79,20,18.7
1547962432,Abaete,BR,-19.16,-45.45,66.9,80,0,2.37
1547960400,Galesong,ID,-5.32,119.37,84.2,89,40,11.41
1547962472,Kavaratti,IN,10.57,72.64,81.57,100,0,2.71
1547960400,Rio de Janeiro,BR,-22.91,-43.21,84.2,94,20,3.36
1547959800,Narsaq,GL,60.91,-46.05,14.0,61,20,23.04
1547959980,Road Town,VG,18.42,-64.62,73.94,76,1,3.36
1547959800,Northam,GB,51.04,-4.21,41.0,93,48,5.82
1547962478,Kurchum,KZ,48.57,83.65,31.98,80,0,30.89
1547962479,Marabba,SD,12.35,32.18,62.76,35,0,8.41
1547962481,Bodden Town,KY,19.28,-81.25,79.23,100,76,7.07
1547962482,Belmonte,PT,40.36,-7.35,40.98,95,0,12.1
1547962483,Derzhavinsk,KZ,51.1,66.31,24.78,95,8,8.75
1547960400,Grindavik,IS,63.84,-22.43,30.2,80,75,24.16
1547962486,Bonavista,CA,48.65,-53.11,14.16,100,44,20.15
1547960400,Chalus,IR,36.66,51.42,41.0,100,75,4.7
1547959980,Cedar City,US,37.68,-113.06,30.92,85,1,2.37
1547962491,Kaili,ID,-3.46,120.21,79.59,87,44,3.27
1547959200,Champerico,MX,16.38,-93.6,73.4,69,40,25.28
1547960880,Saint-Joseph,FR,43.56,6.97,44.6,100,90,2.24
1547962494,Zharkent,KZ,44.17,80.0,16.14,42,0,1.36
1547962497,Kedougou,SN,12.56,-12.19,54.21,63,0,5.06
1547962498,Gizycko,PL,54.04,21.76,24.78,93,68,10.98
1547962499,Doba,TD,8.66,16.85,64.74,54,0,5.39
1547962500,Reyes,BO,-14.3,-67.34,70.59,85,12,2.04
1547961300,Casa Grande,US,32.88,-111.76,60.08,64,1,3.36
1547959800,Roald,NO,62.58,6.12,32.0,100,0,11.41
1547962504,Rafaela,AR,-31.25,-61.49,57.9,88,48,3.27
1547960400,Kerman,IR,30.29,57.06,28.4,42,0,4.7
1547960400,Gouyave,GD,12.16,-61.73,75.2,83,20,5.82
1547960400,Amposta,ES,40.71,0.58,46.4,93,75,4.7
1547962509,Bacolod,PH,10.68,122.95,74.82,98,92,12.77
1547962510,Los Amates,GT,15.26,-89.1,65.19,99,92,1.92
1547962512,Rehoboth,NA,-23.31,17.08,63.93,14,0,7.74
1547960400,Padang,ID,-0.92,100.36,86.0,79,20,9.17
1547962514,Severnoye,RU,54.09,52.54,22.53,93,80,12.77
1547960400,Nemuro,JP,43.32,145.57,26.6,63,75,4.7
1547960400,Tsuyama,JP,35.14,134.03,50.0,87,75,12.75
1547962519,Gurupi,BR,-11.73,-49.07,75.9,90,56,6.96
1547962520,Srednekolymsk,RU,67.46,153.71,-37.68,0,12,2.48
1547962521,Taltal,CL,-25.41,-70.49,56.64,96,0,1.81
1547959980,Merrill,US,42.03,-121.6,41.0,88,75,5.82
1547962524,Sangar,RU,63.92,127.47,-25.08,37,56,9.19
1547962525,Kvitok,RU,56.08,98.48,29.73,51,48,8.08
1547962526,Tabuk,PH,17.41,121.44,74.73,69,0,2.59
1547962528,Dhidhdhoo,MV,6.88,73.1,80.04,100,0,7.07
1547962529,Eskil,TR,38.4,33.41,22.71,100,88,3.04
1547961480,Vardo,US,39.62,-77.74,35.96,100,90,2.71
1547960400,Kangundo,KE,-1.3,37.35,64.4,72,40,2.24
1547962533,La Argentina,CO,2.2,-75.98,48.72,93,76,0.69
1547962534,Camacupa,AO,-12.02,17.48,63.84,87,56,6.51
1547962535,Presidencia Roque Saenz Pena,AR,-26.79,-60.44,64.65,95,92,3.71
1547962536,Gusino,RU,54.72,31.37,19.92,87,32,18.37
1547956800,Marsa Matruh,EG,31.35,27.25,46.4,87,20,5.82
1547962539,Matagami,NG,9.67,8.4,58.26,71,0,2.59
1547960400,Emerald,AU,-23.53,148.16,96.8,30,0,16.11
1547960400,Cukai,MY,4.25,103.42,87.8,74,75,9.17
1547960400,Minab,IR,27.15,57.07,62.6,39,0,4.7
1547962546,Trelew,AR,-43.25,-65.31,78.24,19,0,12.66
1547962547,Belaya Gora,RU,68.54,146.19,-49.56,0,12,2.82
1547962549,Azul,AR,-36.78,-59.86,58.53,75,0,10.98
1547960400,Florianopolis,BR,-27.6,-48.55,73.4,78,75,9.17
1547960400,Ishigaki,JP,24.34,124.16,66.2,100,75,20.8
1547960400,Nhulunbuy,AU,-12.18,136.78,87.8,66,40,12.75
1547959800,Bud,NO,62.91,6.91,32.0,92,76,8.05
1547961300,Houston,US,29.76,-95.37,42.08,48,1,10.29
1547962557,Nikologory,RU,56.14,41.99,17.13,79,76,10.31
1547962558,Port Keats,AU,-14.25,129.55,92.73,81,12,3.04
1547961600,Lons-le-Saunier,FR,46.67,5.56,30.2,92,75,1.12
1547956800,Rosetta,EG,31.4,30.42,48.2,93,24,4.16
1547962564,Tocopilla,CL,-22.09,-70.2,63.84,95,12,0.92
1547961600,Lincoln,GB,53.23,-0.54,37.4,100,75,2.24
1547962567,Khovu-Aksy,RU,51.13,93.72,-3.03,64,20,3.15
1547960400,Gerash,IR,27.67,54.14,41.0,65,0,3.15
1547961240,Portland,US,45.52,-122.67,46.04,95,90,2.15
1547960400,Petropavlovsk-Kamchatskiy,RU,53.05,158.65,35.6,69,75,13.42
1547961300,Leopold,US,38.1,-86.58,26.6,92,75,16.11
1547960400,Xiamen,CN,24.46,118.07,66.2,68,0,11.18
1547962574,Tadine,NC,-21.55,167.88,78.78,94,48,20.04
1547961300,Evanston,US,42.04,-87.69,18.5,63,75,14.99
1547962576,Kirakira,SB,-10.46,161.92,84.99,100,36,5.95
1547962577,Vilhena,BR,-12.74,-60.15,72.21,91,8,3.6
1547962579,Pimenta Bueno,BR,-11.68,-61.19,71.13,97,68,2.37
1547962580,Tarko-Sale,RU,64.92,77.78,-8.7,49,0,3.15
1547956800,Barbalha,BR,-7.31,-39.3,77.0,78,40,4.7
1547961600,Yate,GB,51.54,-2.41,41.0,100,75,4.7
1547960400,Saint-Francois,FR,46.42,3.91,30.2,100,68,2.24
1547962590,Moyale,ET,3.52,39.05,76.26,41,0,6.51
1547961600,Saint George,GR,39.45,22.34,39.2,93,40,5.82
1547960400,Qostanay,KZ,53.17,63.58,17.6,92,90,4.47
1547960400,Dubbo,AU,-32.25,148.6,102.2,20,64,6.93
1547961300,Half Moon Bay,US,37.46,-122.43,59.0,87,40,2.37
1547956800,San Carlos de Bariloche,AR,-41.13,-71.31,62.6,48,0,12.75
1547960640,Baryshivka,UA,50.36,31.33,10.4,92,40,6.71
1547962598,Kutum,SD,14.2,24.66,50.43,74,0,4.27
1547962600,Viedma,AR,-40.81,-62.99,74.55,34,0,18.81
1547961600,Brae,GB,60.4,-1.35,42.8,93,12,9.17
1547960400,Itaguai,BR,-22.85,-43.78,84.2,74,0,6.93
1547962605,Elbistan,TR,38.2,37.19,6.96,60,12,2.59
1547960400,Rio Gallegos,AR,-51.62,-69.22,50.0,57,40,5.82
1547962607,Shumikha,RU,55.23,63.28,16.95,84,92,9.31
1547956800,Bartica,GY,6.41,-58.62,75.2,94,20,4.7
1547960400,Canberra,AU,-35.3,149.1,91.4,27,44,8.05
1547962611,Gornyak,KZ,51.0,81.46,23.34,82,0,8.19
1547962613,San Juan,AR,-31.54,-68.53,66.09,61,0,8.86
1547962614,Dudinka,RU,69.41,86.18,1.11,71,64,11.43
1547962615,Latung,ID,-8.45,120.42,79.68,89,56,3.04
1547962616,Mabaruma,GY,8.2,-59.78,77.88,82,92,7.4
1547962619,Fatehpur,PK,31.18,71.21,53.94,88,92,5.73
1547962620,Cefalu,IT,38.04,14.02,30.0,100,44,2.26
1547960400,Soyaux,FR,45.64,0.19,42.8,93,88,3.36
1547962623,Kropotkin,RU,45.43,40.58,29.1,97,76,8.08
1547960400,Aksu,KZ,52.04,76.93,30.2,86,75,8.95
1547960160,Fairlie,US,33.31,-95.96,33.8,70,75,13.87
1547960400,Kano,NG,11.99,8.53,62.6,45,0,4.7
1547962629,Andra,RU,62.52,65.89,19.56,89,76,5.61
1547960400,Buraydah,SA,26.33,43.97,44.6,81,0,6.93
1547960400,Nichinan,JP,31.65,131.31,62.6,45,75,27.51
1547962632,Sirsi,IN,14.62,74.84,83.91,43,0,10.76
1547960280,Wasilla,US,61.58,-149.44,8.06,82,1,3.6
1547962635,Gboko,NG,7.32,9.0,69.78,73,0,6.4
1547960400,Cap Malheureux,MU,-19.98,57.61,84.2,74,20,14.99
1547962637,Nushki,PK,29.55,66.02,48.27,100,92,7.18
1547962638,Dzhebariki-Khaya,RU,62.22,135.8,-47.67,0,0,2.48
1547962640,Chupa,PE,-15.11,-69.99,38.28,83,64,2.37
1547962641,Yerbogachen,RU,61.28,108.01,14.79,64,64,9.42
1547961600,Kefar Shemaryahu,IL,32.19,34.82,46.4,87,0,3.36
1547962643,Bukama,CD,-9.2,25.85,68.61,100,88,1.59
1547960400,Kiama,AU,-34.67,150.86,77.0,65,75,11.41
1547962647,Fare,PF,-16.7,-151.02,84.0,97,88,12.21
1547962377,Zhangye,CN,38.94,100.46,21.18,100,44,3.94
1547960400,Shushtar,IR,32.05,48.86,41.0,93,0,2.24
1547962650,Sechura,PE,-5.56,-80.82,72.03,90,0,8.63
1547962652,Yar-Sale,RU,66.83,70.83,-6.0,72,0,4.83
1547962654,Majene,ID,-3.54,118.97,82.92,100,12,10.65
1547962656,Benghazi,LY,32.12,20.07,61.86,100,76,10.42
1547962659,Naifaru,MV,5.44,73.37,80.13,100,8,7.63
1547962661,Kiunga,PG,-6.12,141.3,95.88,43,12,2.93
1547962662,Tessalit,ML,20.2,1.01,37.56,35,0,7.85
1547962663,Kidal,ML,18.44,1.41,44.67,20,0,11.43
1547961600,Inverness,GB,57.48,-4.23,30.2,92,20,6.93
1547962666,Ulagan,RU,50.63,87.96,5.25,67,8,2.82
1547960400,Anloga,GH,5.79,0.9,80.6,88,20,5.82
1547960400,Muros,ES,42.77,-9.06,44.6,93,40,3.36
1547960400,Kasane,BW,-17.8,25.16,71.6,94,0,4.7
1547962389,Saltillo,MX,25.42,-100.99,22.62,71,0,1.81
1547961720,Fairview,US,40.81,-74.0,36.5,88,90,12.75
1547962675,Marsabit,KE,2.34,37.99,79.05,67,0,3.94
1547962643,Matara,PE,-13.74,-72.9,33.6,99,8,1.59
1547962677,Bangangte,CM,5.14,10.52,60.33,84,8,2.59
1547960400,Barrhead,CA,54.12,-114.4,8.6,84,90,4.7
1547962679,Taldan,RU,53.69,124.82,3.36,44,0,4.61
1547962681,Wattegama,LK,7.35,80.68,79.86,61,44,6.96
1547962682,Fengrun,CN,39.83,118.12,36.66,25,0,12.55
1547962683,Zhanakorgan,KZ,43.91,67.25,36.66,100,88,3.71
1547961300,Beatrice,US,40.27,-96.75,10.4,82,1,3.15
1547960400,Nisshin,JP,35.17,136.96,44.6,93,75,4.7
1547960400,Tanabe,JP,33.73,135.39,55.4,66,75,14.99
1547962688,Prainha,BR,-1.8,-53.48,76.08,97,64,2.59
1547962689,Nabire,ID,-3.36,135.5,81.66,71,44,2.15
1547962690,Lazaro Cardenas,MX,28.39,-105.62,31.8,61,0,2.82
1547960400,San Antonio,CL,-33.58,-71.61,59.0,87,90,2.24
1547962694,Wewak,PG,-3.55,143.63,78.87,95,92,1.92
1547962695,Elat,CM,2.91,11.16,68.52,98,76,2.59
1547961360,Saint-Louis,CH,47.59,7.56,26.6,100,75,3.36
1547962697,Camocim,BR,-2.9,-40.84,72.84,96,56,4.27
